{"from":"Court Sq-23 St","to":"14 St-Union Sq","routes":[{"type":"transfer","lines":["E","4"],"totalTime":"18 min","nextArrival":"1 min","steps":[{"station":"Court Sq-23 St","line":"E","time":"Now","highlight":true},{"station":"51 St","line":"E","time":"12 min"},{"station":"51 St","line":"4","time":"Transfer","highlight":true},{"station":"14 St-Union Sq","line":"4","time":"12 min"}],"transfers":1},{"type":"transfer","lines":["E","5"],"totalTime":"18 min","nextArrival":"1 min","steps":[{"station":"Court Sq-23 St","line":"E","time":"Now","highlight":true},{"station":"51 St","line":"E","time":"12 min"},{"station":"51 St","line":"5","time":"Transfer","highlight":true},{"station":"14 St-Union Sq","line":"5","time":"12 min"}],"transfers":1},{"type":"transfer","lines":["E","6"],"totalTime":"18 min","nextArrival":"1 min","steps":[{"station":"Court Sq-23 St","line":"E","time":"Now","highlight":true},{"station":"Lexington Av/53 St","line":"E","time":"12 min"},{"station":"Lexington Av/53 St","line":"6","time":"Transfer","highlight":true},{"station":"14 St-Union Sq","line":"6","time":"12 min"}],"transfers":1}],"timestamp":"2025-09-23T00:19:37.373Z"}